Course,INST,COUNTRY,ABR,Annual Tuition Fees Increase Rate_x,Duration (Years),Annual Fees 2016,Additional Fees 2016,Annual Fees TOTAL,TOTAL course Fee,ADJ Annual FEE (UTAS equiv),Living Expenses 2016,Annual Tuition Fees Increase Rate_y
B. Bus,Australian Catholic University,AUST,ACU (3y),0.04054787574899714,3,22680.0,286.0,22966.0,68898.0,22966.0,26698.70820444444,0.04054787574899714
B. Bus,Australian National University,AUST,ANU (3y),0.08638321551583646,3,37104.0,290.0,37394.0,112182.0,37394.0,24059.0,0.08638321551583646
B. Bus,Bond University,AUST,Bond (2y),0.029856210847289198,2,49668.0,190.0,49858.0,99716.0,33238.666666666664,29523.44314285714,0.029856210847289198
B. Bus,CQUniversity,AUST,CQU (3y),0.0,3,22380.0,290.0,22670.0,68010.0,22670.0,16430.139890476188,0.0
B. Bus,Charles Darwin University,AUST,CDU (-y),,-,,,,,,18836.60045909091,0.0609440002831495
B. Bus,Charles Sturt University,AUST,CSU (3y),0.05538026223178262,3,21600.0,288.0,21888.0,65664.0,21888.0,16770.274796031747,0.05538026223178262
B. Bus,Curtin University,AUST,Curtin (3y),0.04226948753483391,3,27600.0,0.0,27600.0,82800.0,27600.0,19341.419526284582,0.04226948753483391
B. Bus,Deakin University,AUST,Deakin (-y),,-,,,,,,20184.03035909091,0.07894594660569298
B. Bus,Edith Cowan University,AUST,ECU (3y),0.051824866139983106,3,26000.0,0.0,26000.0,78000.0,26000.0,21019.311245454544,0.051824866139983106
B. Bus,Federation University Australia,AUST,Federation (3y),0.17478804601050718,3,24000.0,286.0,24286.0,72858.0,24286.0,15579.0,0.17478804601050718
B. Bus,Flinders University,AUST,Flinders (3y),0.039935188247999,3,22400.0,290.0,22690.0,68070.0,22690.0,21387.0,0.039935188247999
B. Bus,Griffith University,AUST,Griffith (3y),0.045108138355787766,3,22789.6,290.0,23079.6,69238.79999999999,23079.599999999995,15670.293834920638,0.045108138355787766
B. Bus,James Cook University,AUST,JCU (3y),0.04,3,24000.0,290.0,24290.0,72870.0,24290.0,21050.0,0.04
B. Bus,La Trobe University,AUST,LaTrobe (3y),0.07,3,24800.0,0.0,24800.0,74400.0,24800.0,19833.579187777774,0.07
B. Bus,Macquarie University,AUST,Macquarie (3y),0.04719152102690845,3,33390.0,0.0,33390.0,100170.0,33390.0,29905.72131666667,0.04719152102690845
B. Bus,Monash University,AUST,Monash (3y),0.06,3,38000.0,0.0,38000.0,114000.0,38000.0,20906.563755,0.06
B. Bus,Murdoch University,AUST,Murdoch (3y),0.07224077146886601,3,27360.0,290.0,27650.0,82950.0,27650.0,20506.015945721923,0.07224077146886601
B. Bus,Queensland University of Technology,AUST,QUT (3y),0.04449129948846759,3,26600.0,0.0,26600.0,79800.0,26600.0,20687.632534848486,0.04449129948846759
B. Bus,RMIT University,AUST,RMIT (3y),0.075,3,27840.0,290.0,28130.0,84390.0,28130.0,19201.552644848485,0.075
B. Bus,Southern Cross University,AUST,SCU (3y),0.057185903070188664,3,19520.0,290.0,19810.0,59430.0,19810.0,16222.0,0.057185903070188664
B. Bus,Swinburne University,AUST,Swinburne (3y),0.03778922551014916,3,23294.0,0.0,23294.0,69882.0,23294.0,22824.136326666667,0.03778922551014916
B. Bus,University of Adelaide,AUST,Adelaide (-y),,-,,,,,,25444.0,0.05
B. Bus,University of Canberra,AUST,Canberra (3y),0.0,3,22890.0,290.0,23180.0,69540.0,23180.0,20601.0,0.0
B. Bus,University of Melbourne,AUST,Melbourne (3y),0.044192915905970936,3,37568.0,0.0,37568.0,112704.0,37568.0,33257.0,0.044192915905970936
B. Bus,University of New England,AUST,UNE (3y),0.03692208807148916,3,18440.0,290.0,18730.0,56190.0,18730.0,15493.894751666665,0.03692208807148916
B. Bus,University of New South Wales,AUST,UNSW (-y),,-,,,,,,27245.50515,0.0
B. Bus,University of Newcastle,AUST,UoN (3y),0.0708898574517105,3,23685.0,290.0,23975.0,71925.0,23975.0,20417.25205692964,0.0708898574517105
B. Bus,University of Notre Dame Australia,AUST,UND (-y),,-,,,,,,22389.118590000002,0.08626010341471267
B. Bus,University of Queensland,AUST,UQ (3y),0.04,3,34611.0,290.0,34901.0,104703.0,34901.0,25701.082916871364,0.04
B. Bus,University of South Australia,AUST,UniSA (3y),0.056379594799323564,3,27000.0,290.0,27290.0,81870.0,27290.0,21516.706579999995,0.056379594799323564
B. Bus,University of Southern Queensland,AUST,USQ (3y),0.04235480204234699,3,20080.0,290.0,20370.0,61110.0,20370.0,19504.335161948053,0.04235480204234699
B. Bus,University of Sydney,AUST,Sydney (-y),,-,,,,,,27790.11099047619,0.04635691942991554
B. Bus,University of Tasmania,AUST,Tasmania (3y),0.09915794544266436,3,25000.0,0.0,25000.0,75000.0,25000.0,19932.776077777777,0.09915794544266436
B. Bus,"University of Technology, Sydney",AUST,UTS (3y),0.06,3,28464.0,286.0,28750.0,86250.0,28750.0,24594.471489473683,0.06
B. Bus,University of Western Australia,AUST,UWA (-y),,-,,,,,,24870.00910373016,0.0502504605362023
B. Bus,University of Western Sydney,AUST,UWS (3y),0.044509661391136025,3,23560.0,290.0,23850.0,71550.0,23850.0,21466.101384027777,0.044509661391136025
B. Bus,University of Wollongong,AUST,Wollongong (3y),0.049520348442797214,3,25440.0,290.0,25730.0,77190.0,25730.0,19873.990475974024,0.049520348442797214
B. Bus,University of the Sunshine Coast,AUST,Sunshine (3y),0.04817542562557961,3,19800.0,0.0,19800.0,59400.0,19800.0,17561.779276111112,0.04817542562557961
B. Bus,Victoria University,AUST,VicAus (3y),0.04072096439181601,3,22600.0,0.0,22600.0,67800.0,22600.0,22078.81696333334,0.04072096439181601
B. Eng (Elect),Australian Catholic University,AUST,ACU (3y),0.04054787574899714,-,,,,,,26698.70820444444,0.04054787574899714
B. Eng (Elect),Australian National University,AUST,ANU (3y),0.08638321551583646,-,,,,,,24059.0,0.08638321551583646
B. Eng (Elect),Bond University,AUST,Bond (2y),0.029856210847289198,-,,,,,,29523.44314285714,0.029856210847289198
B. Eng (Elect),CQUniversity,AUST,CQU (3y),0.0,4,28080.0,290.0,28370.0,113480.0,28370.0,16430.139890476188,0.0
B. Eng (Elect),Charles Darwin University,AUST,CDU (-y),0.0609440002831495,4,24320.0,220.0,24540.0,98160.0,24540.0,18836.60045909091,0.0609440002831495
B. Eng (Elect),Charles Sturt University,AUST,CSU (3y),0.05538026223178262,-,,,,,,16770.274796031747,0.05538026223178262
B. Eng (Elect),Curtin University,AUST,Curtin (3y),0.04226948753483391,4,34800.0,0.0,34800.0,139200.0,34800.0,19341.419526284582,0.04226948753483391
B. Eng (Elect),Deakin University,AUST,Deakin (-y),0.07894594660569298,4,32000.0,0.0,32000.0,128000.0,32000.0,20184.03035909091,0.07894594660569298
B. Eng (Elect),Edith Cowan University,AUST,ECU (3y),0.051824866139983106,4,24100.0,0.0,24100.0,96400.0,24100.0,21019.311245454544,0.051824866139983106
B. Eng (Elect),Federation University Australia,AUST,Federation (3y),0.17478804601050718,-,,,,,,15579.0,0.17478804601050718
B. Eng (Elect),Flinders University,AUST,Flinders (3y),0.039935188247999,4,28700.0,290.0,28990.0,115960.0,28990.0,21387.0,0.039935188247999
B. Eng (Elect),Griffith University,AUST,Griffith (3y),0.045108138355787766,4,21069.6,290.0,21359.6,85438.4,21359.6,15670.293834920638,0.045108138355787766
B. Eng (Elect),James Cook University,AUST,JCU (3y),0.04,4,30000.0,290.0,30290.0,121160.0,30290.0,21050.0,0.04
B. Eng (Elect),La Trobe University,AUST,LaTrobe (3y),0.07,-,,,,,,19833.579187777774,0.07
B. Eng (Elect),Macquarie University,AUST,Macquarie (3y),0.04719152102690845,-,,,,,,29905.72131666667,0.04719152102690845
B. Eng (Elect),Monash University,AUST,Monash (3y),0.06,4,37900.0,0.0,37900.0,151600.0,37900.0,20906.563755,0.06
B. Eng (Elect),Murdoch University,AUST,Murdoch (3y),0.07224077146886601,4,30960.0,290.0,31250.0,125000.0,31250.0,20506.015945721923,0.07224077146886601
B. Eng (Elect),Queensland University of Technology,AUST,QUT (3y),0.04449129948846759,4,29600.0,0.0,29600.0,118400.0,29600.0,20687.632534848486,0.04449129948846759
B. Eng (Elect),RMIT University,AUST,RMIT (3y),0.075,4,33600.0,290.0,33890.0,135560.0,33890.0,19201.552644848485,0.075
B. Eng (Elect),Southern Cross University,AUST,SCU (3y),0.057185903070188664,-,,,,,,16222.0,0.057185903070188664
B. Eng (Elect),Swinburne University,AUST,Swinburne (3y),0.03778922551014916,4,29450.0,0.0,29450.0,117800.0,29450.0,22824.136326666667,0.03778922551014916
B. Eng (Elect),University of Adelaide,AUST,Adelaide (-y),0.05,4,33500.0,290.0,33790.0,135160.0,33790.0,25444.0,0.05
B. Eng (Elect),University of Canberra,AUST,Canberra (3y),0.0,-,,,,,,20601.0,0.0
B. Eng (Elect),University of Melbourne,AUST,Melbourne (3y),0.044192915905970936,3,37376.0,0.0,37376.0,112128.0,28032.0,33257.0,0.044192915905970936
B. Eng (Elect),University of New England,AUST,UNE (3y),0.03692208807148916,-,,,,,,15493.894751666665,0.03692208807148916
B. Eng (Elect),University of New South Wales,AUST,UNSW (-y),0.0,4,39360.0,0.0,39360.0,157440.0,39360.0,27245.50515,0.0
B. Eng (Elect),University of Newcastle,AUST,UoN (3y),0.0708898574517105,4,30225.0,290.0,30515.0,122060.0,30515.0,20417.25205692964,0.0708898574517105
B. Eng (Elect),University of Notre Dame Australia,AUST,UND (-y),0.08626010341471267,-,,,,,,22389.118590000002,0.08626010341471267
B. Eng (Elect),University of Queensland,AUST,UQ (3y),0.04,4,36608.0,485.0,37093.0,148372.0,37093.0,25701.082916871364,0.04
B. Eng (Elect),University of South Australia,AUST,UniSA (3y),0.056379594799323564,4,31500.0,290.0,31790.0,127160.0,31790.0,21516.706579999995,0.056379594799323564
B. Eng (Elect),University of Southern Queensland,AUST,USQ (3y),0.04235480204234699,3,26640.0,290.0,26930.0,80790.0,20197.5,19504.335161948053,0.04235480204234699
B. Eng (Elect),University of Sydney,AUST,Sydney (-y),0.04635691942991554,4,40000.0,286.0,40286.0,161144.0,40286.0,27790.11099047619,0.04635691942991554
B. Eng (Elect),University of Tasmania,AUST,Tasmania (3y),0.09915794544266436,4,28500.0,0.0,28500.0,114000.0,28500.0,19932.776077777777,0.09915794544266436
B. Eng (Elect),"University of Technology, Sydney",AUST,UTS (3y),0.06,4,31344.0,286.0,31630.0,126520.0,31630.0,24594.471489473683,0.06
B. Eng (Elect),University of Western Australia,AUST,UWA (-y),0.0502504605362023,3,36316.0,286.0,36602.0,109806.0,27451.5,24870.00910373016,0.0502504605362023
B. Eng (Elect),University of Western Sydney,AUST,UWS (3y),0.044509661391136025,4,27680.0,290.0,27970.0,111880.0,27970.0,21466.101384027777,0.044509661391136025
B. Eng (Elect),University of Wollongong,AUST,Wollongong (3y),0.049520348442797214,4,30576.0,290.0,30866.0,123464.0,30866.0,19873.990475974024,0.049520348442797214
B. Eng (Elect),University of the Sunshine Coast,AUST,Sunshine (3y),0.04817542562557961,-,,,,,,17561.779276111112,0.04817542562557961
B. Eng (Elect),Victoria University,AUST,VicAus (3y),0.04072096439181601,4,24800.0,0.0,24800.0,99200.0,24800.0,22078.81696333334,0.04072096439181601
B. Info Tech,Australian Catholic University,AUST,ACU (3y),0.04054787574899714,3,22680.0,286.0,22966.0,68898.0,22966.0,26698.70820444444,0.04054787574899714
B. Info Tech,Australian National University,AUST,ANU (3y),0.08638321551583646,3,34944.0,290.0,35234.0,105702.0,35234.0,24059.0,0.08638321551583646
B. Info Tech,Bond University,AUST,Bond (2y),,-,,,,,,29523.44314285714,0.029856210847289198
B. Info Tech,CQUniversity,AUST,CQU (3y),0.0,3,23460.0,290.0,23750.0,71250.0,23750.0,16430.139890476188,0.0
B. Info Tech,Charles Darwin University,AUST,CDU (-y),0.0609440002831495,3,20256.0,220.0,20476.0,61428.0,20476.0,18836.60045909091,0.0609440002831495
B. Info Tech,Charles Sturt University,AUST,CSU (3y),0.05538026223178262,3,22800.0,288.0,23088.0,69264.0,23088.0,16770.274796031747,0.05538026223178262
B. Info Tech,Curtin University,AUST,Curtin (3y),0.04226948753483391,3,27600.0,0.0,27600.0,82800.0,27600.0,19341.419526284582,0.04226948753483391
B. Info Tech,Deakin University,AUST,Deakin (-y),0.07894594660569298,3,26000.0,0.0,26000.0,78000.0,26000.0,20184.03035909091,0.07894594660569298
B. Info Tech,Edith Cowan University,AUST,ECU (3y),0.051824866139983106,3,24650.0,0.0,24650.0,73950.0,24650.0,21019.311245454544,0.051824866139983106
B. Info Tech,Federation University Australia,AUST,Federation (3y),0.17478804601050718,3,23000.0,286.0,23286.0,69858.0,23286.0,15579.0,0.17478804601050718
B. Info Tech,Flinders University,AUST,Flinders (3y),0.039935188247999,3,25300.0,290.0,25590.0,76770.0,25590.0,21387.0,0.039935188247999
B. Info Tech,Griffith University,AUST,Griffith (3y),0.045108138355787766,3,23993.6,290.0,24283.6,72850.79999999999,24283.599999999995,15670.293834920638,0.045108138355787766
B. Info Tech,James Cook University,AUST,JCU (3y),0.04,3,24000.0,290.0,24290.0,72870.0,24290.0,21050.0,0.04
B. Info Tech,La Trobe University,AUST,LaTrobe (3y),0.07,3,26090.0,0.0,26090.0,78270.0,26090.0,19833.579187777774,0.07
B. Info Tech,Macquarie University,AUST,Macquarie (3y),0.04719152102690845,3,34980.0,0.0,34980.0,104940.0,34980.0,29905.72131666667,0.04719152102690845
B. Info Tech,Monash University,AUST,Monash (3y),0.06,3,36000.0,0.0,36000.0,108000.0,36000.0,20906.563755,0.06
B. Info Tech,Murdoch University,AUST,Murdoch (3y),,-,,,,,,20506.015945721923,0.07224077146886601
B. Info Tech,Queensland University of Technology,AUST,QUT (3y),0.04449129948846759,3,28000.0,0.0,28000.0,84000.0,28000.0,20687.632534848486,0.04449129948846759
B. Info Tech,RMIT University,AUST,RMIT (3y),0.075,3,30720.0,290.0,31010.0,93030.0,31010.0,19201.552644848485,0.075
B. Info Tech,Southern Cross University,AUST,SCU (3y),0.057185903070188664,3,19520.0,290.0,19810.0,59430.0,19810.0,16222.0,0.057185903070188664
B. Info Tech,Swinburne University,AUST,Swinburne (3y),0.03778922551014916,3,24590.0,0.0,24590.0,73770.0,24590.0,22824.136326666667,0.03778922551014916
B. Info Tech,University of Adelaide,AUST,Adelaide (-y),,-,,,,,,25444.0,0.05
B. Info Tech,University of Canberra,AUST,Canberra (3y),0.0,3,19660.0,290.0,19950.0,59850.0,19950.0,20601.0,0.0
B. Info Tech,University of Melbourne,AUST,Melbourne (3y),,-,,,,,,33257.0,0.044192915905970936
B. Info Tech,University of New England,AUST,UNE (3y),,-,,,,,,15493.894751666665,0.03692208807148916
B. Info Tech,University of New South Wales,AUST,UNSW (-y),,-,,,,,,27245.50515,0.0
B. Info Tech,University of Newcastle,AUST,UoN (3y),0.0708898574517105,3,28890.0,290.0,29180.0,87540.0,29180.0,20417.25205692964,0.0708898574517105
B. Info Tech,University of Notre Dame Australia,AUST,UND (-y),,-,,,,,,22389.118590000002,0.08626010341471267
B. Info Tech,University of Queensland,AUST,UQ (3y),0.04,3,36608.0,290.0,36898.0,110694.0,36898.0,25701.082916871364,0.04
B. Info Tech,University of South Australia,AUST,UniSA (3y),0.056379594799323564,3,28250.0,290.0,28540.0,85620.0,28540.0,21516.706579999995,0.056379594799323564
B. Info Tech,University of Southern Queensland,AUST,USQ (3y),0.04235480204234699,3,20080.0,290.0,20370.0,61110.0,20370.0,19504.335161948053,0.04235480204234699
B. Info Tech,University of Sydney,AUST,Sydney (-y),0.04635691942991554,4,40000.0,286.0,40286.0,161144.0,53714.666666666664,27790.11099047619,0.04635691942991554
B. Info Tech,University of Tasmania,AUST,Tasmania (3y),0.09915794544266436,3,25500.0,0.0,25500.0,76500.0,25500.0,19932.776077777777,0.09915794544266436
B. Info Tech,"University of Technology, Sydney",AUST,UTS (3y),0.06,3,31920.0,286.0,32206.0,96618.0,32206.0,24594.471489473683,0.06
B. Info Tech,University of Western Australia,AUST,UWA (-y),,-,,,,,,24870.00910373016,0.0502504605362023
B. Info Tech,University of Western Sydney,AUST,UWS (3y),0.044509661391136025,3,25880.0,290.0,26170.0,78510.0,26170.0,21466.101384027777,0.044509661391136025
B. Info Tech,University of Wollongong,AUST,Wollongong (3y),0.049520348442797214,3,27984.0,290.0,28274.0,84822.0,28274.0,19873.990475974024,0.049520348442797214
B. Info Tech,University of the Sunshine Coast,AUST,Sunshine (3y),,-,,,,,,17561.779276111112,0.04817542562557961
B. Info Tech,Victoria University,AUST,VicAus (3y),0.04072096439181601,3,23000.0,0.0,23000.0,69000.0,23000.0,22078.81696333334,0.04072096439181601
B. Law,Australian Catholic University,AUST,ACU (3y),0.04054787574899714,4,26560.0,286.0,26846.0,107384.0,26846.0,26698.70820444444,0.04054787574899714
B. Law,Australian National University,AUST,ANU (3y),0.08638321551583646,4,34944.0,290.0,35234.0,140936.0,35234.0,24059.0,0.08638321551583646
B. Law,Bond University,AUST,Bond (2y),0.029856210847289198,2.67,49605.9925093633,190.0,49795.9925093633,132955.30000000002,33238.825000000004,29523.44314285714,0.029856210847289198
B. Law,CQUniversity,AUST,CQU (3y),,-,,,,,,16430.139890476188,0.0
B. Law,Charles Darwin University,AUST,CDU (-y),0.0609440002831495,4,18152.0,220.0,18372.0,73488.0,18372.0,18836.60045909091,0.0609440002831495
B. Law,Charles Sturt University,AUST,CSU (3y),,-,,,,,,16770.274796031747,0.05538026223178262
B. Law,Curtin University,AUST,Curtin (3y),0.04226948753483391,3,27600.0,0.0,27600.0,82800.0,20700.0,19341.419526284582,0.04226948753483391
B. Law,Deakin University,AUST,Deakin (-y),0.07894594660569298,4,30000.0,0.0,30000.0,120000.0,30000.0,20184.03035909091,0.07894594660569298
B. Law,Edith Cowan University,AUST,ECU (3y),0.051824866139983106,4,26000.0,0.0,26000.0,104000.0,26000.0,21019.311245454544,0.051824866139983106
B. Law,Federation University Australia,AUST,Federation (3y),,-,,,,,,15579.0,0.17478804601050718
B. Law,Flinders University,AUST,Flinders (3y),0.039935188247999,4,27500.0,290.0,27790.0,111160.0,27790.0,21387.0,0.039935188247999
B. Law,Griffith University,AUST,Griffith (3y),0.045108138355787766,4,21069.6,290.0,21359.6,85438.4,21359.6,15670.293834920638,0.045108138355787766
B. Law,James Cook University,AUST,JCU (3y),0.04,4,26000.0,290.0,26290.0,105160.0,26290.0,21050.0,0.04
B. Law,La Trobe University,AUST,LaTrobe (3y),0.07,4,26400.0,0.0,26400.0,105600.0,26400.0,19833.579187777774,0.07
B. Law,Macquarie University,AUST,Macquarie (3y),0.04719152102690845,4,33390.0,0.0,33390.0,133560.0,33390.0,29905.72131666667,0.04719152102690845
B. Law,Monash University,AUST,Monash (3y),0.06,4,34100.0,0.0,34100.0,136400.0,34100.0,20906.563755,0.06
B. Law,Murdoch University,AUST,Murdoch (3y),0.07224077146886601,4,27360.0,290.0,27650.0,110600.0,27650.0,20506.015945721923,0.07224077146886601
B. Law,Queensland University of Technology,AUST,QUT (3y),0.04449129948846759,4,25000.0,0.0,25000.0,100000.0,25000.0,20687.632534848486,0.04449129948846759
B. Law,RMIT University,AUST,RMIT (3y),,-,,,,,,19201.552644848485,0.075
B. Law,Southern Cross University,AUST,SCU (3y),0.057185903070188664,4,22560.0,290.0,22850.0,91400.0,22850.0,16222.0,0.057185903070188664
B. Law,Swinburne University,AUST,Swinburne (3y),0.03778922551014916,4,24970.0,0.0,24970.0,99880.0,24970.0,22824.136326666667,0.03778922551014916
B. Law,University of Adelaide,AUST,Adelaide (-y),0.05,4,33500.0,290.0,33790.0,135160.0,33790.0,25444.0,0.05
B. Law,University of Canberra,AUST,Canberra (3y),0.0,4,24150.0,290.0,24440.0,97760.0,24440.0,20601.0,0.0
B. Law,University of Melbourne,AUST,Melbourne (3y),,-,,,,,,33257.0,0.044192915905970936
B. Law,University of New England,AUST,UNE (3y),0.03692208807148916,4,20264.0,290.0,20554.0,82216.0,20554.0,15493.894751666665,0.03692208807148916
B. Law,University of New South Wales,AUST,UNSW (-y),,-,,,,,,27245.50515,0.0
B. Law,University of Newcastle,AUST,UoN (3y),0.0708898574517105,5,24120.0,290.0,24410.0,122050.0,30512.5,20417.25205692964,0.0708898574517105
B. Law,University of Notre Dame Australia,AUST,UND (-y),0.08626010341471267,4,20425.0,250.0,20675.0,82700.0,20675.0,22389.118590000002,0.08626010341471267
B. Law,University of Queensland,AUST,UQ (3y),0.04,4,36608.0,290.0,36898.0,147592.0,36898.0,25701.082916871364,0.04
B. Law,University of South Australia,AUST,UniSA (3y),0.056379594799323564,4,27000.0,290.0,27290.0,109160.0,27290.0,21516.706579999995,0.056379594799323564
B. Law,University of Southern Queensland,AUST,USQ (3y),0.04235480204234699,3,21600.0,290.0,21890.0,65670.0,16417.5,19504.335161948053,0.04235480204234699
B. Law,University of Sydney,AUST,Sydney (-y),0.04635691942991554,5,43000.0,286.0,43286.0,216430.0,54107.5,27790.11099047619,0.04635691942991554
B. Law,University of Tasmania,AUST,Tasmania (3y),0.09915794544266436,4,25500.0,0.0,25500.0,102000.0,25500.0,19932.776077777777,0.09915794544266436
B. Law,"University of Technology, Sydney",AUST,UTS (3y),0.06,4,35184.0,286.0,35470.0,141880.0,35470.0,24594.471489473683,0.06
B. Law,University of Western Australia,AUST,UWA (-y),,-,,,,,,24870.00910373016,0.0502504605362023
B. Law,University of Western Sydney,AUST,UWS (3y),0.044509661391136025,3,25080.0,290.0,25370.0,76110.0,19027.5,21466.101384027777,0.044509661391136025
B. Law,University of Wollongong,AUST,Wollongong (3y),0.049520348442797214,4,29470.0,290.0,29760.0,119040.0,29760.0,19873.990475974024,0.049520348442797214
B. Law,University of the Sunshine Coast,AUST,Sunshine (3y),0.04817542562557961,4,20600.0,0.0,20600.0,82400.0,20600.0,17561.779276111112,0.04817542562557961
B. Law,Victoria University,AUST,VicAus (3y),0.04072096439181601,4,23400.0,0.0,23400.0,93600.0,23400.0,22078.81696333334,0.04072096439181601
B. Mar Sc,Australian Catholic University,AUST,ACU (3y),0.04054787574899714,-,,,,,,26698.70820444444,0.04054787574899714
B. Mar Sc,Australian National University,AUST,ANU (3y),0.08638321551583646,3,37104.0,290.0,37394.0,112182.0,37394.0,24059.0,0.08638321551583646
B. Mar Sc,Bond University,AUST,Bond (2y),0.029856210847289198,-,,,,,,29523.44314285714,0.029856210847289198
B. Mar Sc,CQUniversity,AUST,CQU (3y),0.0,-,,,,,,16430.139890476188,0.0
B. Mar Sc,Charles Darwin University,AUST,CDU (-y),0.0609440002831495,-,,,,,,18836.60045909091,0.0609440002831495
B. Mar Sc,Charles Sturt University,AUST,CSU (3y),0.05538026223178262,-,,,,,,16770.274796031747,0.05538026223178262
B. Mar Sc,Curtin University,AUST,Curtin (3y),0.04226948753483391,3,34000.0,0.0,34000.0,102000.0,34000.0,19341.419526284582,0.04226948753483391
B. Mar Sc,Deakin University,AUST,Deakin (-y),0.07894594660569298,3,31000.0,0.0,31000.0,93000.0,31000.0,20184.03035909091,0.07894594660569298
B. Mar Sc,Edith Cowan University,AUST,ECU (3y),0.051824866139983106,3,26250.0,0.0,26250.0,78750.0,26250.0,21019.311245454544,0.051824866139983106
B. Mar Sc,Federation University Australia,AUST,Federation (3y),0.17478804601050718,-,,,,,,15579.0,0.17478804601050718
B. Mar Sc,Flinders University,AUST,Flinders (3y),0.039935188247999,3,27400.0,290.0,27690.0,83070.0,27690.0,21387.0,0.039935188247999
B. Mar Sc,Griffith University,AUST,Griffith (3y),0.045108138355787766,3,27864.0,290.0,28154.0,84462.0,28154.0,15670.293834920638,0.045108138355787766
B. Mar Sc,James Cook University,AUST,JCU (3y),0.04,3,30000.0,290.0,30290.0,90870.0,30290.0,21050.0,0.04
B. Mar Sc,La Trobe University,AUST,LaTrobe (3y),0.07,-,,,,,,19833.579187777774,0.07
B. Mar Sc,Macquarie University,AUST,Macquarie (3y),0.04719152102690845,3,31270.0,0.0,31270.0,93810.0,31270.0,29905.72131666667,0.04719152102690845
B. Mar Sc,Monash University,AUST,Monash (3y),0.06,-,,,,,,20906.563755,0.06
B. Mar Sc,Murdoch University,AUST,Murdoch (3y),0.07224077146886601,3,30960.0,290.0,31250.0,93750.0,31250.0,20506.015945721923,0.07224077146886601
B. Mar Sc,Queensland University of Technology,AUST,QUT (3y),0.04449129948846759,-,,,,,,20687.632534848486,0.04449129948846759
B. Mar Sc,RMIT University,AUST,RMIT (3y),0.075,-,,,,,,19201.552644848485,0.075
B. Mar Sc,Southern Cross University,AUST,SCU (3y),0.057185903070188664,3,24720.0,290.0,25010.0,75030.0,25010.0,16222.0,0.057185903070188664
B. Mar Sc,Swinburne University,AUST,Swinburne (3y),0.03778922551014916,-,,,,,,22824.136326666667,0.03778922551014916
B. Mar Sc,University of Adelaide,AUST,Adelaide (-y),0.05,3,31500.0,290.0,31790.0,95370.0,31790.0,25444.0,0.05
B. Mar Sc,University of Canberra,AUST,Canberra (3y),0.0,3,24290.0,290.0,24580.0,73740.0,24580.0,20601.0,0.0
B. Mar Sc,University of Melbourne,AUST,Melbourne (3y),0.044192915905970936,3,38016.0,0.0,38016.0,114048.0,38016.0,33257.0,0.044192915905970936
B. Mar Sc,University of New England,AUST,UNE (3y),0.03692208807148916,-,,,,,,15493.894751666665,0.03692208807148916
B. Mar Sc,University of New South Wales,AUST,UNSW (-y),0.0,3,39360.0,0.0,39360.0,118080.0,39360.0,27245.50515,0.0
B. Mar Sc,University of Newcastle,AUST,UoN (3y),0.0708898574517105,3,30150.0,290.0,30440.0,91320.0,30440.0,20417.25205692964,0.0708898574517105
B. Mar Sc,University of Notre Dame Australia,AUST,UND (-y),0.08626010341471267,-,,,,,,22389.118590000002,0.08626010341471267
B. Mar Sc,University of Queensland,AUST,UQ (3y),0.04,3,35277.0,290.0,35567.0,106701.0,35567.0,25701.082916871364,0.04
B. Mar Sc,University of South Australia,AUST,UniSA (3y),0.056379594799323564,-,,,,,,21516.706579999995,0.056379594799323564
B. Mar Sc,University of Southern Queensland,AUST,USQ (3y),0.04235480204234699,-,,,,,,19504.335161948053,0.04235480204234699
B. Mar Sc,University of Sydney,AUST,Sydney (-y),0.04635691942991554,3,40000.0,286.0,40286.0,120858.0,40286.0,27790.11099047619,0.04635691942991554
B. Mar Sc,University of Tasmania,AUST,Tasmania (3y),0.09915794544266436,3,26500.0,0.0,26500.0,79500.0,26500.0,19932.776077777777,0.09915794544266436
B. Mar Sc,"University of Technology, Sydney",AUST,UTS (3y),0.06,3,32544.0,286.0,32830.0,98490.0,32830.0,24594.471489473683,0.06
B. Mar Sc,University of Western Australia,AUST,UWA (-y),0.0502504605362023,3,35680.0,286.0,35966.0,107898.0,35966.0,24870.00910373016,0.0502504605362023
B. Mar Sc,University of Western Sydney,AUST,UWS (3y),0.044509661391136025,-,,,,,,21466.101384027777,0.044509661391136025
B. Mar Sc,University of Wollongong,AUST,Wollongong (3y),0.049520348442797214,3,27936.0,290.0,28226.0,84678.0,28226.0,19873.990475974024,0.049520348442797214
B. Mar Sc,University of the Sunshine Coast,AUST,Sunshine (3y),0.04817542562557961,-,,,,,,17561.779276111112,0.04817542562557961
B. Mar Sc,Victoria University,AUST,VicAus (3y),0.04072096439181601,-,,,,,,22078.81696333334,0.04072096439181601
B. Pharm,Australian Catholic University,AUST,ACU (3y),0.04054787574899714,-,,,,,,26698.70820444444,0.04054787574899714
B. Pharm,Australian National University,AUST,ANU (3y),0.08638321551583646,-,,,,,,24059.0,0.08638321551583646
B. Pharm,Bond University,AUST,Bond (2y),0.029856210847289198,-,,,,,,29523.44314285714,0.029856210847289198
B. Pharm,CQUniversity,AUST,CQU (3y),0.0,-,,,,,,16430.139890476188,0.0
B. Pharm,Charles Darwin University,AUST,CDU (-y),0.0609440002831495,4,24768.0,220.0,24988.0,99952.0,24988.0,18836.60045909091,0.0609440002831495
B. Pharm,Charles Sturt University,AUST,CSU (3y),0.05538026223178262,4,28000.0,288.0,28288.0,113152.0,28288.0,16770.274796031747,0.05538026223178262
B. Pharm,Curtin University,AUST,Curtin (3y),0.04226948753483391,4,32900.0,0.0,32900.0,131600.0,32900.0,19341.419526284582,0.04226948753483391
B. Pharm,Deakin University,AUST,Deakin (-y),0.07894594660569298,-,,,,,,20184.03035909091,0.07894594660569298
B. Pharm,Edith Cowan University,AUST,ECU (3y),0.051824866139983106,-,,,,,,21019.311245454544,0.051824866139983106
B. Pharm,Federation University Australia,AUST,Federation (3y),0.17478804601050718,-,,,,,,15579.0,0.17478804601050718
B. Pharm,Flinders University,AUST,Flinders (3y),0.039935188247999,-,,,,,,21387.0,0.039935188247999
B. Pharm,Griffith University,AUST,Griffith (3y),0.045108138355787766,4,27348.0,290.0,27638.0,110552.0,27638.0,15670.293834920638,0.045108138355787766
B. Pharm,James Cook University,AUST,JCU (3y),0.04,4,30000.0,290.0,30290.0,121160.0,30290.0,21050.0,0.04
B. Pharm,La Trobe University,AUST,LaTrobe (3y),0.07,4,35680.0,1137.5,36817.5,147270.0,36817.5,19833.579187777774,0.07
B. Pharm,Macquarie University,AUST,Macquarie (3y),0.04719152102690845,-,,,,,,29905.72131666667,0.04719152102690845
B. Pharm,Monash University,AUST,Monash (3y),0.06,4,39000.0,0.0,39000.0,156000.0,39000.0,20906.563755,0.06
B. Pharm,Murdoch University,AUST,Murdoch (3y),0.07224077146886601,-,,,,,,20506.015945721923,0.07224077146886601
B. Pharm,Queensland University of Technology,AUST,QUT (3y),0.04449129948846759,4,27800.0,0.0,27800.0,111200.0,27800.0,20687.632534848486,0.04449129948846759
B. Pharm,RMIT University,AUST,RMIT (3y),0.075,4,35520.0,290.0,35810.0,143240.0,35810.0,19201.552644848485,0.075
B. Pharm,Southern Cross University,AUST,SCU (3y),0.057185903070188664,-,,,,,,16222.0,0.057185903070188664
B. Pharm,Swinburne University,AUST,Swinburne (3y),0.03778922551014916,-,,,,,,22824.136326666667,0.03778922551014916
B. Pharm,University of Adelaide,AUST,Adelaide (-y),0.05,3,33500.0,290.0,33790.0,101370.0,25342.5,25444.0,0.05
B. Pharm,University of Canberra,AUST,Canberra (3y),0.0,4,26600.0,290.0,26890.0,107560.0,26890.0,20601.0,0.0
B. Pharm,University of Melbourne,AUST,Melbourne (3y),0.044192915905970936,3,35048.0,0.0,35048.0,105144.0,26286.0,33257.0,0.044192915905970936
B. Pharm,University of New England,AUST,UNE (3y),0.03692208807148916,4,23800.0,290.0,24090.0,96360.0,24090.0,15493.894751666665,0.03692208807148916
B. Pharm,University of New South Wales,AUST,UNSW (-y),0.0,3,39360.0,0.0,39360.0,118080.0,29520.0,27245.50515,0.0
B. Pharm,University of Newcastle,AUST,UoN (3y),0.0708898574517105,4,30805.0,290.0,31095.0,124380.0,31095.0,20417.25205692964,0.0708898574517105
B. Pharm,University of Notre Dame Australia,AUST,UND (-y),0.08626010341471267,-,,,,,,22389.118590000002,0.08626010341471267
B. Pharm,University of Queensland,AUST,UQ (3y),0.04,4,37500.0,290.0,37790.0,151160.0,37790.0,25701.082916871364,0.04
B. Pharm,University of South Australia,AUST,UniSA (3y),0.056379594799323564,4,35200.0,290.0,35490.0,141960.0,35490.0,21516.706579999995,0.056379594799323564
B. Pharm,University of Southern Queensland,AUST,USQ (3y),0.04235480204234699,-,,,,,,19504.335161948053,0.04235480204234699
B. Pharm,University of Sydney,AUST,Sydney (-y),0.04635691942991554,4,42500.0,286.0,42786.0,171144.0,42786.0,27790.11099047619,0.04635691942991554
B. Pharm,University of Tasmania,AUST,Tasmania (3y),0.09915794544266436,4,28000.0,0.0,28000.0,112000.0,28000.0,19932.776077777777,0.09915794544266436
B. Pharm,"University of Technology, Sydney",AUST,UTS (3y),0.06,-,,,,,,24594.471489473683,0.06
B. Pharm,University of Western Australia,AUST,UWA (-y),0.0502504605362023,3,35000.0,286.0,35286.0,105858.0,26464.5,24870.00910373016,0.0502504605362023
B. Pharm,University of Western Sydney,AUST,UWS (3y),0.044509661391136025,-,,,,,,21466.101384027777,0.044509661391136025
B. Pharm,University of Wollongong,AUST,Wollongong (3y),0.049520348442797214,-,,,,,,19873.990475974024,0.049520348442797214
B. Pharm,University of the Sunshine Coast,AUST,Sunshine (3y),0.04817542562557961,-,,,,,,17561.779276111112,0.04817542562557961
B. Pharm,Victoria University,AUST,VicAus (3y),0.04072096439181601,-,,,,,,22078.81696333334,0.04072096439181601
B. Sc (Biol),Australian Catholic University,AUST,ACU (3y),0.04054787574899714,-,,,,,,26698.70820444444,0.04054787574899714
B. Sc (Biol),Australian National University,AUST,ANU (3y),0.08638321551583646,3,37104.0,290.0,37394.0,112182.0,37394.0,24059.0,0.08638321551583646
B. Sc (Biol),Bond University,AUST,Bond (2y),0.029856210847289198,-,,,,,,29523.44314285714,0.029856210847289198
B. Sc (Biol),CQUniversity,AUST,CQU (3y),0.0,-,,,,,,16430.139890476188,0.0
B. Sc (Biol),Charles Darwin University,AUST,CDU (-y),0.0609440002831495,-,,,,,,18836.60045909091,0.0609440002831495
B. Sc (Biol),Charles Sturt University,AUST,CSU (3y),0.05538026223178262,-,,,,,,16770.274796031747,0.05538026223178262
B. Sc (Biol),Curtin University,AUST,Curtin (3y),0.04226948753483391,3,34000.0,0.0,34000.0,102000.0,34000.0,19341.419526284582,0.04226948753483391
B. Sc (Biol),Deakin University,AUST,Deakin (-y),0.07894594660569298,3,31000.0,0.0,31000.0,93000.0,31000.0,20184.03035909091,0.07894594660569298
B. Sc (Biol),Edith Cowan University,AUST,ECU (3y),0.051824866139983106,3,26250.0,0.0,26250.0,78750.0,26250.0,21019.311245454544,0.051824866139983106
B. Sc (Biol),Federation University Australia,AUST,Federation (3y),0.17478804601050718,-,,,,,,15579.0,0.17478804601050718
B. Sc (Biol),Flinders University,AUST,Flinders (3y),0.039935188247999,-,,,,,,21387.0,0.039935188247999
B. Sc (Biol),Griffith University,AUST,Griffith (3y),0.045108138355787766,3,27864.0,290.0,28154.0,84462.0,28154.0,15670.293834920638,0.045108138355787766
B. Sc (Biol),James Cook University,AUST,JCU (3y),0.04,3,30000.0,290.0,30290.0,90870.0,30290.0,21050.0,0.04
B. Sc (Biol),La Trobe University,AUST,LaTrobe (3y),0.07,3,29260.0,33.333333333333336,29293.333333333332,87880.0,29293.333333333332,19833.579187777774,0.07
B. Sc (Biol),Macquarie University,AUST,Macquarie (3y),0.04719152102690845,3,29680.0,0.0,29680.0,89040.0,29680.0,29905.72131666667,0.04719152102690845
B. Sc (Biol),Monash University,AUST,Monash (3y),0.06,3,35500.0,0.0,35500.0,106500.0,35500.0,20906.563755,0.06
B. Sc (Biol),Murdoch University,AUST,Murdoch (3y),0.07224077146886601,3,30960.0,290.0,31250.0,93750.0,31250.0,20506.015945721923,0.07224077146886601
B. Sc (Biol),Queensland University of Technology,AUST,QUT (3y),0.04449129948846759,3,31800.0,0.0,31800.0,95400.0,31800.0,20687.632534848486,0.04449129948846759
B. Sc (Biol),RMIT University,AUST,RMIT (3y),0.075,3,30720.0,290.0,31010.0,93030.0,31010.0,19201.552644848485,0.075
B. Sc (Biol),Southern Cross University,AUST,SCU (3y),0.057185903070188664,-,,,,,,16222.0,0.057185903070188664
B. Sc (Biol),Swinburne University,AUST,Swinburne (3y),0.03778922551014916,-,,,,,,22824.136326666667,0.03778922551014916
B. Sc (Biol),University of Adelaide,AUST,Adelaide (-y),0.05,3,31488.0,286.0,31774.0,95322.0,31774.0,25444.0,0.05
B. Sc (Biol),University of Canberra,AUST,Canberra (3y),0.0,3,24290.0,290.0,24580.0,73740.0,24580.0,20601.0,0.0
B. Sc (Biol),University of Melbourne,AUST,Melbourne (3y),0.044192915905970936,3,38016.0,0.0,38016.0,114048.0,38016.0,33257.0,0.044192915905970936
B. Sc (Biol),University of New England,AUST,UNE (3y),0.03692208807148916,-,,,,,,15493.894751666665,0.03692208807148916
B. Sc (Biol),University of New South Wales,AUST,UNSW (-y),0.0,3,39360.0,0.0,39360.0,118080.0,39360.0,27245.50515,0.0
B. Sc (Biol),University of Newcastle,AUST,UoN (3y),0.0708898574517105,3,30150.0,290.0,30440.0,91320.0,30440.0,20417.25205692964,0.0708898574517105
B. Sc (Biol),University of Notre Dame Australia,AUST,UND (-y),0.08626010341471267,3,30637.0,250.0,30887.0,92661.0,30887.0,22389.118590000002,0.08626010341471267
B. Sc (Biol),University of Queensland,AUST,UQ (3y),0.04,3,35277.0,290.0,35567.0,106701.0,35567.0,25701.082916871364,0.04
B. Sc (Biol),University of South Australia,AUST,UniSA (3y),0.056379594799323564,3,28250.0,290.0,28540.0,85620.0,28540.0,21516.706579999995,0.056379594799323564
B. Sc (Biol),University of Southern Queensland,AUST,USQ (3y),0.04235480204234699,3,22720.0,290.0,23010.0,69030.0,23010.0,19504.335161948053,0.04235480204234699
B. Sc (Biol),University of Sydney,AUST,Sydney (-y),0.04635691942991554,3,40000.0,286.0,40286.0,120858.0,40286.0,27790.11099047619,0.04635691942991554
B. Sc (Biol),University of Tasmania,AUST,Tasmania (3y),0.09915794544266436,3,26500.0,0.0,26500.0,79500.0,26500.0,19932.776077777777,0.09915794544266436
B. Sc (Biol),"University of Technology, Sydney",AUST,UTS (3y),0.06,3,32544.0,286.0,32830.0,98490.0,32830.0,24594.471489473683,0.06
B. Sc (Biol),University of Western Australia,AUST,UWA (-y),0.0502504605362023,3,35000.0,286.0,35286.0,105858.0,35286.0,24870.00910373016,0.0502504605362023
B. Sc (Biol),University of Western Sydney,AUST,UWS (3y),0.044509661391136025,3,25080.0,290.0,25370.0,76110.0,25370.0,21466.101384027777,0.044509661391136025
B. Sc (Biol),University of Wollongong,AUST,Wollongong (3y),0.049520348442797214,3,27936.0,290.0,28226.0,84678.0,28226.0,19873.990475974024,0.049520348442797214
B. Sc (Biol),University of the Sunshine Coast,AUST,Sunshine (3y),0.04817542562557961,-,,,,,,17561.779276111112,0.04817542562557961
B. Sc (Biol),Victoria University,AUST,VicAus (3y),0.04072096439181601,-,,,,,,22078.81696333334,0.04072096439181601
B.Agr Sc.,Australian Catholic University,AUST,ACU (3y),0.04054787574899714,-,,,,,,26698.70820444444,0.04054787574899714
B.Agr Sc.,Australian National University,AUST,ANU (3y),0.08638321551583646,-,,,,,,24059.0,0.08638321551583646
B.Agr Sc.,Bond University,AUST,Bond (2y),0.029856210847289198,-,,,,,,29523.44314285714,0.029856210847289198
B.Agr Sc.,CQUniversity,AUST,CQU (3y),0.0,3,24180.0,290.0,24470.0,73410.0,18352.5,16430.139890476188,0.0
B.Agr Sc.,Charles Darwin University,AUST,CDU (-y),0.0609440002831495,-,,,,,,18836.60045909091,0.0609440002831495
B.Agr Sc.,Charles Sturt University,AUST,CSU (3y),0.05538026223178262,4,28000.0,288.0,28288.0,113152.0,28288.0,16770.274796031747,0.05538026223178262
B.Agr Sc.,Curtin University,AUST,Curtin (3y),0.04226948753483391,3,30900.0,0.0,30900.0,92700.0,23175.0,19341.419526284582,0.04226948753483391
B.Agr Sc.,Deakin University,AUST,Deakin (-y),0.07894594660569298,-,,,,,,20184.03035909091,0.07894594660569298
B.Agr Sc.,Edith Cowan University,AUST,ECU (3y),0.051824866139983106,-,,,,,,21019.311245454544,0.051824866139983106
B.Agr Sc.,Federation University Australia,AUST,Federation (3y),0.17478804601050718,-,,,,,,15579.0,0.17478804601050718
B.Agr Sc.,Flinders University,AUST,Flinders (3y),0.039935188247999,-,,,,,,21387.0,0.039935188247999
B.Agr Sc.,Griffith University,AUST,Griffith (3y),0.045108138355787766,-,,,,,,15670.293834920638,0.045108138355787766
B.Agr Sc.,James Cook University,AUST,JCU (3y),0.04,-,,,,,,21050.0,0.04
B.Agr Sc.,La Trobe University,AUST,LaTrobe (3y),0.07,3,29260.0,23.333333333333332,29283.333333333332,87850.0,21962.5,19833.579187777774,0.07
B.Agr Sc.,Macquarie University,AUST,Macquarie (3y),0.04719152102690845,-,,,,,,29905.72131666667,0.04719152102690845
B.Agr Sc.,Monash University,AUST,Monash (3y),0.06,-,,,,,,20906.563755,0.06
B.Agr Sc.,Murdoch University,AUST,Murdoch (3y),0.07224077146886601,-,,,,,,20506.015945721923,0.07224077146886601
B.Agr Sc.,Queensland University of Technology,AUST,QUT (3y),0.04449129948846759,-,,,,,,20687.632534848486,0.04449129948846759
B.Agr Sc.,RMIT University,AUST,RMIT (3y),0.075,-,,,,,,19201.552644848485,0.075
B.Agr Sc.,Southern Cross University,AUST,SCU (3y),0.057185903070188664,-,,,,,,16222.0,0.057185903070188664
B.Agr Sc.,Swinburne University,AUST,Swinburne (3y),0.03778922551014916,-,,,,,,22824.136326666667,0.03778922551014916
B.Agr Sc.,University of Adelaide,AUST,Adelaide (-y),0.05,3,31500.0,290.0,31790.0,95370.0,23842.5,25444.0,0.05
B.Agr Sc.,University of Canberra,AUST,Canberra (3y),0.0,-,,,,,,20601.0,0.0
B.Agr Sc.,University of Melbourne,AUST,Melbourne (3y),0.044192915905970936,3,37696.0,0.0,37696.0,113088.0,28272.0,33257.0,0.044192915905970936
B.Agr Sc.,University of New England,AUST,UNE (3y),0.03692208807148916,3,23800.0,290.0,24090.0,72270.0,18067.5,15493.894751666665,0.03692208807148916
B.Agr Sc.,University of New South Wales,AUST,UNSW (-y),0.0,-,,,,,,27245.50515,0.0
B.Agr Sc.,University of Newcastle,AUST,UoN (3y),0.0708898574517105,-,,,,,,20417.25205692964,0.0708898574517105
B.Agr Sc.,University of Notre Dame Australia,AUST,UND (-y),0.08626010341471267,-,,,,,,22389.118590000002,0.08626010341471267
B.Agr Sc.,University of Queensland,AUST,UQ (3y),0.04,4,35277.0,290.0,35567.0,142268.0,35567.0,25701.082916871364,0.04
B.Agr Sc.,University of South Australia,AUST,UniSA (3y),0.056379594799323564,-,,,,,,21516.706579999995,0.056379594799323564
B.Agr Sc.,University of Southern Queensland,AUST,USQ (3y),0.04235480204234699,-,,,,,,19504.335161948053,0.04235480204234699
B.Agr Sc.,University of Sydney,AUST,Sydney (-y),0.04635691942991554,4,33000.0,286.0,33286.0,133144.0,33286.0,27790.11099047619,0.04635691942991554
B.Agr Sc.,University of Tasmania,AUST,Tasmania (3y),0.09915794544266436,4,37000.0,0.0,37000.0,148000.0,37000.0,19932.776077777777,0.09915794544266436
B.Agr Sc.,"University of Technology, Sydney",AUST,UTS (3y),0.06,-,,,,,,24594.471489473683,0.06
B.Agr Sc.,University of Western Australia,AUST,UWA (-y),0.0502504605362023,3,35000.0,286.0,35286.0,105858.0,26464.5,24870.00910373016,0.0502504605362023
B.Agr Sc.,University of Western Sydney,AUST,UWS (3y),0.044509661391136025,3,25080.0,290.0,25370.0,76110.0,19027.5,21466.101384027777,0.044509661391136025
B.Agr Sc.,University of Wollongong,AUST,Wollongong (3y),0.049520348442797214,-,,,,,,19873.990475974024,0.049520348442797214
B.Agr Sc.,University of the Sunshine Coast,AUST,Sunshine (3y),0.04817542562557961,-,,,,,,17561.779276111112,0.04817542562557961
B.Agr Sc.,Victoria University,AUST,VicAus (3y),0.04072096439181601,-,,,,,,22078.81696333334,0.04072096439181601
B.Sc (Chem),Australian Catholic University,AUST,ACU (3y),0.04054787574899714,-,,,,,,26698.70820444444,0.04054787574899714
B.Sc (Chem),Australian National University,AUST,ANU (3y),0.08638321551583646,3,37104.0,290.0,37394.0,112182.0,37394.0,24059.0,0.08638321551583646
B.Sc (Chem),Bond University,AUST,Bond (2y),0.029856210847289198,-,,,,,,29523.44314285714,0.029856210847289198
B.Sc (Chem),CQUniversity,AUST,CQU (3y),0.0,-,,,,,,16430.139890476188,0.0
B.Sc (Chem),Charles Darwin University,AUST,CDU (-y),0.0609440002831495,-,,,,,,18836.60045909091,0.0609440002831495
B.Sc (Chem),Charles Sturt University,AUST,CSU (3y),0.05538026223178262,-,,,,,,16770.274796031747,0.05538026223178262
B.Sc (Chem),Curtin University,AUST,Curtin (3y),0.04226948753483391,3,34000.0,0.0,34000.0,102000.0,34000.0,19341.419526284582,0.04226948753483391
B.Sc (Chem),Deakin University,AUST,Deakin (-y),0.07894594660569298,3,31000.0,0.0,31000.0,93000.0,31000.0,20184.03035909091,0.07894594660569298
B.Sc (Chem),Edith Cowan University,AUST,ECU (3y),0.051824866139983106,3,,,,,,21019.311245454544,0.051824866139983106
B.Sc (Chem),Federation University Australia,AUST,Federation (3y),0.17478804601050718,-,,,,,,15579.0,0.17478804601050718
B.Sc (Chem),Flinders University,AUST,Flinders (3y),0.039935188247999,3,27400.0,290.0,27690.0,83070.0,27690.0,21387.0,0.039935188247999
B.Sc (Chem),Griffith University,AUST,Griffith (3y),0.045108138355787766,3,27864.0,290.0,28154.0,84462.0,28154.0,15670.293834920638,0.045108138355787766
B.Sc (Chem),James Cook University,AUST,JCU (3y),0.04,3,30000.0,290.0,30290.0,90870.0,30290.0,21050.0,0.04
B.Sc (Chem),La Trobe University,AUST,LaTrobe (3y),0.07,3,29260.0,23.333333333333332,29283.333333333332,87850.0,29283.333333333332,19833.579187777774,0.07
B.Sc (Chem),Macquarie University,AUST,Macquarie (3y),0.04719152102690845,3,29680.0,0.0,29680.0,89040.0,29680.0,29905.72131666667,0.04719152102690845
B.Sc (Chem),Monash University,AUST,Monash (3y),0.06,3,35500.0,0.0,35500.0,106500.0,35500.0,20906.563755,0.06
B.Sc (Chem),Murdoch University,AUST,Murdoch (3y),0.07224077146886601,3,30960.0,290.0,31250.0,93750.0,31250.0,20506.015945721923,0.07224077146886601
B.Sc (Chem),Queensland University of Technology,AUST,QUT (3y),0.04449129948846759,3,31800.0,350.0,32150.0,96450.0,32150.0,20687.632534848486,0.04449129948846759
B.Sc (Chem),RMIT University,AUST,RMIT (3y),0.075,3,30720.0,290.0,31010.0,93030.0,31010.0,19201.552644848485,0.075
B.Sc (Chem),Southern Cross University,AUST,SCU (3y),0.057185903070188664,-,,,,,,16222.0,0.057185903070188664
B.Sc (Chem),Swinburne University,AUST,Swinburne (3y),0.03778922551014916,3,27130.0,0.0,27130.0,81390.0,27130.0,22824.136326666667,0.03778922551014916
B.Sc (Chem),University of Adelaide,AUST,Adelaide (-y),0.05,3,31500.0,290.0,31790.0,95370.0,31790.0,25444.0,0.05
B.Sc (Chem),University of Canberra,AUST,Canberra (3y),0.0,3,24290.0,290.0,24580.0,73740.0,24580.0,20601.0,0.0
B.Sc (Chem),University of Melbourne,AUST,Melbourne (3y),0.044192915905970936,3,38016.0,0.0,38016.0,114048.0,38016.0,33257.0,0.044192915905970936
B.Sc (Chem),University of New England,AUST,UNE (3y),0.03692208807148916,-,,,,,,15493.894751666665,0.03692208807148916
B.Sc (Chem),University of New South Wales,AUST,UNSW (-y),0.0,3,39360.0,0.0,39360.0,118080.0,39360.0,27245.50515,0.0
B.Sc (Chem),University of Newcastle,AUST,UoN (3y),0.0708898574517105,3,30150.0,290.0,30440.0,91320.0,30440.0,20417.25205692964,0.0708898574517105
B.Sc (Chem),University of Notre Dame Australia,AUST,UND (-y),0.08626010341471267,-,,,,,,22389.118590000002,0.08626010341471267
B.Sc (Chem),University of Queensland,AUST,UQ (3y),0.04,3,35277.0,290.0,35567.0,106701.0,35567.0,25701.082916871364,0.04
B.Sc (Chem),University of South Australia,AUST,UniSA (3y),0.056379594799323564,3,28250.0,290.0,28540.0,85620.0,28540.0,21516.706579999995,0.056379594799323564
B.Sc (Chem),University of Southern Queensland,AUST,USQ (3y),0.04235480204234699,-,,,,,,19504.335161948053,0.04235480204234699
B.Sc (Chem),University of Sydney,AUST,Sydney (-y),0.04635691942991554,3,40000.0,286.0,40286.0,120858.0,40286.0,27790.11099047619,0.04635691942991554
B.Sc (Chem),University of Tasmania,AUST,Tasmania (3y),0.09915794544266436,3,26500.0,0.0,26500.0,79500.0,26500.0,19932.776077777777,0.09915794544266436
B.Sc (Chem),"University of Technology, Sydney",AUST,UTS (3y),0.06,3,32544.0,286.0,32830.0,98490.0,32830.0,24594.471489473683,0.06
B.Sc (Chem),University of Western Australia,AUST,UWA (-y),0.0502504605362023,3,35000.0,286.0,35286.0,105858.0,35286.0,24870.00910373016,0.0502504605362023
B.Sc (Chem),University of Western Sydney,AUST,UWS (3y),0.044509661391136025,3,25080.0,290.0,25370.0,76110.0,25370.0,21466.101384027777,0.044509661391136025
B.Sc (Chem),University of Wollongong,AUST,Wollongong (3y),0.049520348442797214,3,27936.0,290.0,28226.0,84678.0,28226.0,19873.990475974024,0.049520348442797214
B.Sc (Chem),University of the Sunshine Coast,AUST,Sunshine (3y),0.04817542562557961,-,,,,,,17561.779276111112,0.04817542562557961
B.Sc (Chem),Victoria University,AUST,VicAus (3y),0.04072096439181601,-,,,,,,22078.81696333334,0.04072096439181601
BA (comms),Australian Catholic University,AUST,ACU (3y),0.04054787574899714,3,20000.0,286.0,20286.0,60858.0,20286.0,26698.70820444444,0.04054787574899714
BA (comms),Australian National University,AUST,ANU (3y),0.08638321551583646,-,,,,,,24059.0,0.08638321551583646
BA (comms),Bond University,AUST,Bond (2y),0.029856210847289198,2,49668.0,190.0,49858.0,99716.0,33238.666666666664,29523.44314285714,0.029856210847289198
BA (comms),CQUniversity,AUST,CQU (3y),0.0,3,23520.0,290.0,23810.0,71430.0,23810.0,16430.139890476188,0.0
BA (comms),Charles Darwin University,AUST,CDU (-y),0.0609440002831495,3,17496.0,220.0,17716.0,53148.0,17716.0,18836.60045909091,0.0609440002831495
BA (comms),Charles Sturt University,AUST,CSU (3y),0.05538026223178262,3,22400.0,288.0,22688.0,68064.0,22688.0,16770.274796031747,0.05538026223178262
BA (comms),Curtin University,AUST,Curtin (3y),0.04226948753483391,3,27200.0,0.0,27200.0,81600.0,27200.0,19341.419526284582,0.04226948753483391
BA (comms),Deakin University,AUST,Deakin (-y),0.07894594660569298,3,26000.0,0.0,26000.0,78000.0,26000.0,20184.03035909091,0.07894594660569298
BA (comms),Edith Cowan University,AUST,ECU (3y),0.051824866139983106,3,23850.0,0.0,23850.0,71550.0,23850.0,21019.311245454544,0.051824866139983106
BA (comms),Federation University Australia,AUST,Federation (3y),0.17478804601050718,-,,,,,,15579.0,0.17478804601050718
BA (comms),Flinders University,AUST,Flinders (3y),0.039935188247999,-,,,,,,21387.0,0.039935188247999
BA (comms),Griffith University,AUST,Griffith (3y),0.045108138355787766,3,22876.0,290.0,23166.0,69498.0,23166.0,15670.293834920638,0.045108138355787766
BA (comms),James Cook University,AUST,JCU (3y),0.04,-,,,,,,21050.0,0.04
BA (comms),La Trobe University,AUST,LaTrobe (3y),0.07,3,27410.0,0.0,27410.0,82230.0,27410.0,19833.579187777774,0.07
BA (comms),Macquarie University,AUST,Macquarie (3y),0.04719152102690845,3,29680.0,0.0,29680.0,89040.0,29680.0,29905.72131666667,0.04719152102690845
BA (comms),Monash University,AUST,Monash (3y),0.06,3,27700.0,0.0,27700.0,83100.0,27700.0,20906.563755,0.06
BA (comms),Murdoch University,AUST,Murdoch (3y),0.07224077146886601,3,27360.0,290.0,27650.0,82950.0,27650.0,20506.015945721923,0.07224077146886601
BA (comms),Queensland University of Technology,AUST,QUT (3y),0.04449129948846759,3,25000.0,0.0,25000.0,75000.0,25000.0,20687.632534848486,0.04449129948846759
BA (comms),RMIT University,AUST,RMIT (3y),0.075,3,25920.0,290.0,26210.0,78630.0,26210.0,19201.552644848485,0.075
BA (comms),Southern Cross University,AUST,SCU (3y),0.057185903070188664,-,,,,,,16222.0,0.057185903070188664
BA (comms),Swinburne University,AUST,Swinburne (3y),0.03778922551014916,3,21890.0,0.0,21890.0,65670.0,21890.0,22824.136326666667,0.03778922551014916
BA (comms),University of Adelaide,AUST,Adelaide (-y),0.05,-,,,,,,25444.0,0.05
BA (comms),University of Canberra,AUST,Canberra (3y),0.0,-,,,,,,20601.0,0.0
BA (comms),University of Melbourne,AUST,Melbourne (3y),0.044192915905970936,-,,,,,,33257.0,0.044192915905970936
BA (comms),University of New England,AUST,UNE (3y),0.03692208807148916,3,20200.0,290.0,20490.0,61470.0,20490.0,15493.894751666665,0.03692208807148916
BA (comms),University of New South Wales,AUST,UNSW (-y),0.0,3,30480.0,0.0,30480.0,91440.0,30480.0,27245.50515,0.0
BA (comms),University of Newcastle,AUST,UoN (3y),0.0708898574517105,3,26995.0,290.0,27285.0,81855.0,27285.0,20417.25205692964,0.0708898574517105
BA (comms),University of Notre Dame Australia,AUST,UND (-y),0.08626010341471267,3,20425.0,250.0,20675.0,62025.0,20675.0,22389.118590000002,0.08626010341471267
BA (comms),University of Queensland,AUST,UQ (3y),0.04,3,28000.0,290.0,28290.0,84870.0,28290.0,25701.082916871364,0.04
BA (comms),University of South Australia,AUST,UniSA (3y),0.056379594799323564,3,23700.0,290.0,23990.0,71970.0,23990.0,21516.706579999995,0.056379594799323564
BA (comms),University of Southern Queensland,AUST,USQ (3y),0.04235480204234699,3,20480.0,290.0,20770.0,62310.0,20770.0,19504.335161948053,0.04235480204234699
BA (comms),University of Sydney,AUST,Sydney (-y),0.04635691942991554,4,36000.0,286.0,36286.0,145144.0,48381.333333333336,27790.11099047619,0.04635691942991554
BA (comms),University of Tasmania,AUST,Tasmania (3y),0.09915794544266436,3,24500.0,0.0,24500.0,73500.0,24500.0,19932.776077777777,0.09915794544266436
BA (comms),"University of Technology, Sydney",AUST,UTS (3y),0.06,3,30096.0,286.0,30382.0,91146.0,30382.0,24594.471489473683,0.06
BA (comms),University of Western Australia,AUST,UWA (-y),0.0502504605362023,3,29680.0,286.0,29966.0,89898.0,29966.0,24870.00910373016,0.0502504605362023
BA (comms),University of Western Sydney,AUST,UWS (3y),0.044509661391136025,3,23560.0,290.0,23850.0,71550.0,23850.0,21466.101384027777,0.044509661391136025
BA (comms),University of Wollongong,AUST,Wollongong (3y),0.049520348442797214,3,22944.0,290.0,23234.0,69702.0,23234.0,19873.990475974024,0.049520348442797214
BA (comms),University of the Sunshine Coast,AUST,Sunshine (3y),0.04817542562557961,3,20400.0,0.0,20400.0,61200.0,20400.0,17561.779276111112,0.04817542562557961
BA (comms),Victoria University,AUST,VicAus (3y),0.04072096439181601,3,19400.0,0.0,19400.0,58200.0,19400.0,22078.81696333334,0.04072096439181601
M. Account,Australian Catholic University,AUST,ACU (3y),0.04054787574899714,2,25000.0,286.0,25286.0,50572.0,33714.666666666664,26698.70820444444,0.04054787574899714
M. Account,Australian National University,AUST,ANU (3y),0.08638321551583646,2,39024.0,290.0,39314.0,78628.0,52418.666666666664,24059.0,0.08638321551583646
M. Account,Bond University,AUST,Bond (2y),0.029856210847289198,1.33,39654.887218045114,,,,,29523.44314285714,0.029856210847289198
M. Account,CQUniversity,AUST,CQU (3y),0.0,2,23940.0,290.0,24230.0,48460.0,32306.666666666668,16430.139890476188,0.0
M. Account,Charles Darwin University,AUST,CDU (-y),0.0609440002831495,2,23448.0,220.0,23668.0,47336.0,31557.333333333332,18836.60045909091,0.0609440002831495
M. Account,Charles Sturt University,AUST,CSU (3y),0.05538026223178262,2,24800.0,288.0,25088.0,50176.0,33450.666666666664,16770.274796031747,0.05538026223178262
M. Account,Curtin University,AUST,Curtin (3y),0.04226948753483391,1.5,31200.0,0.0,31200.0,46800.0,31200.0,19341.419526284582,0.04226948753483391
M. Account,Deakin University,AUST,Deakin (-y),0.07894594660569298,1.5,33000.0,0.0,33000.0,49500.0,33000.0,20184.03035909091,0.07894594660569298
M. Account,Edith Cowan University,AUST,ECU (3y),0.051824866139983106,2,21600.0,0.0,21600.0,43200.0,28800.0,21019.311245454544,0.051824866139983106
M. Account,Federation University Australia,AUST,Federation (3y),0.17478804601050718,2,26800.0,286.0,27086.0,54172.0,36114.666666666664,15579.0,0.17478804601050718
M. Account,Flinders University,AUST,Flinders (3y),0.039935188247999,2,27800.0,290.0,28090.0,56180.0,37453.333333333336,21387.0,0.039935188247999
M. Account,Griffith University,AUST,Griffith (3y),0.045108138355787766,1.5,25800.0,290.0,26090.0,39135.0,26090.0,15670.293834920638,0.045108138355787766
M. Account,James Cook University,AUST,JCU (3y),0.04,2,24000.0,290.0,24290.0,48580.0,32386.666666666668,21050.0,0.04
M. Account,La Trobe University,AUST,LaTrobe (3y),0.07,2,28460.0,0.0,28460.0,56920.0,37946.666666666664,19833.579187777774,0.07
M. Account,Macquarie University,AUST,Macquarie (3y),0.04719152102690845,2,30740.0,0.0,30740.0,61480.0,40986.666666666664,29905.72131666667,0.04719152102690845
M. Account,Monash University,AUST,Monash (3y),0.06,2,38700.0,0.0,38700.0,77400.0,51600.0,20906.563755,0.06
M. Account,Murdoch University,AUST,Murdoch (3y),0.07224077146886601,2,30960.0,,,,,20506.015945721923,0.07224077146886601
M. Account,Queensland University of Technology,AUST,QUT (3y),0.04449129948846759,2,29200.0,0.0,29200.0,58400.0,38933.333333333336,20687.632534848486,0.04449129948846759
M. Account,RMIT University,AUST,RMIT (3y),0.075,2,31680.0,290.0,31970.0,63940.0,42626.666666666664,19201.552644848485,0.075
M. Account,Southern Cross University,AUST,SCU (3y),0.057185903070188664,2,22480.0,290.0,22770.0,45540.0,30360.0,16222.0,0.057185903070188664
M. Account,Swinburne University,AUST,Swinburne (3y),0.03778922551014916,1.5,24970.0,0.0,24970.0,37455.0,24970.0,22824.136326666667,0.03778922551014916
M. Account,University of Adelaide,AUST,Adelaide (-y),,-,,,,,,25444.0,0.05
M. Account,University of Canberra,AUST,Canberra (3y),0.0,2,28900.0,290.0,29190.0,58380.0,38920.0,20601.0,0.0
M. Account,University of Melbourne,AUST,Melbourne (3y),0.044192915905970936,2,38656.0,,,,,33257.0,0.044192915905970936
M. Account,University of New England,AUST,UNE (3y),0.03692208807148916,2,21600.0,,,,,15493.894751666665,0.03692208807148916
M. Account,University of New South Wales,AUST,UNSW (-y),0.0,1.5,40560.0,,,,,27245.50515,0.0
M. Account,University of Newcastle,AUST,UoN (3y),0.0708898574517105,1.5,26170.0,290.0,26460.0,39690.0,26460.0,20417.25205692964,0.0708898574517105
M. Account,University of Notre Dame Australia,AUST,UND (-y),0.08626010341471267,2,23779.0,,,,,22389.118590000002,0.08626010341471267
M. Account,University of Queensland,AUST,UQ (3y),0.04,1.5,34611.0,290.0,34901.0,52351.5,34901.0,25701.082916871364,0.04
M. Account,University of South Australia,AUST,UniSA (3y),0.056379594799323564,2,29700.0,290.0,29990.0,59980.0,39986.666666666664,21516.706579999995,0.056379594799323564
M. Account,University of Southern Queensland,AUST,USQ (3y),0.04235480204234699,2,22160.0,290.0,22450.0,44900.0,29933.333333333332,19504.335161948053,0.04235480204234699
M. Account,University of Sydney,AUST,Sydney (-y),0.04635691942991554,2,40000.0,286.0,40286.0,80572.0,53714.666666666664,27790.11099047619,0.04635691942991554
M. Account,University of Tasmania,AUST,Tasmania (3y),0.09915794544266436,1.5,29500.0,0.0,29500.0,44250.0,29500.0,19932.776077777777,0.09915794544266436
M. Account,"University of Technology, Sydney",AUST,UTS (3y),0.06,1.5,30672.0,286.0,30958.0,46437.0,30958.0,24594.471489473683,0.06
M. Account,University of Western Australia,AUST,UWA (-y),0.0502504605362023,1.5,37200.0,,,,,24870.00910373016,0.0502504605362023
M. Account,University of Western Sydney,AUST,UWS (3y),0.044509661391136025,2,26600.0,290.0,26890.0,53780.0,35853.333333333336,21466.101384027777,0.044509661391136025
M. Account,University of Wollongong,AUST,Wollongong (3y),0.049520348442797214,2,29862.0,290.0,30152.0,60304.0,40202.666666666664,19873.990475974024,0.049520348442797214
M. Account,University of the Sunshine Coast,AUST,Sunshine (3y),0.04817542562557961,2,22800.0,,,,,17561.779276111112,0.04817542562557961
M. Account,Victoria University,AUST,VicAus (3y),0.04072096439181601,1.5,23000.0,0.0,23000.0,34500.0,23000.0,22078.81696333334,0.04072096439181601
M. Info Tech,Australian Catholic University,AUST,ACU (3y),0.04054787574899714,2,25000.0,286.0,25286.0,50572.0,25286.0,26698.70820444444,0.04054787574899714
M. Info Tech,Australian National University,AUST,ANU (3y),,-,,,,,,24059.0,0.08638321551583646
M. Info Tech,Bond University,AUST,Bond (2y),,-,,,,,,29523.44314285714,0.029856210847289198
M. Info Tech,CQUniversity,AUST,CQU (3y),0.0,2,23220.0,290.0,23510.0,47020.0,23510.0,16430.139890476188,0.0
M. Info Tech,Charles Darwin University,AUST,CDU (-y),0.0609440002831495,2,20696.0,220.0,20916.0,41832.0,20916.0,18836.60045909091,0.0609440002831495
M. Info Tech,Charles Sturt University,AUST,CSU (3y),0.05538026223178262,2,26200.0,288.0,26488.0,52976.0,26488.0,16770.274796031747,0.05538026223178262
M. Info Tech,Curtin University,AUST,Curtin (3y),0.04226948753483391,1.5,28600.0,0.0,28600.0,42900.0,21450.0,19341.419526284582,0.04226948753483391
M. Info Tech,Deakin University,AUST,Deakin (-y),0.07894594660569298,1.5,29000.0,0.0,29000.0,43500.0,21750.0,20184.03035909091,0.07894594660569298
M. Info Tech,Edith Cowan University,AUST,ECU (3y),0.051824866139983106,1.5,24650.0,0.0,24650.0,36975.0,18487.5,21019.311245454544,0.051824866139983106
M. Info Tech,Federation University Australia,AUST,Federation (3y),,-,,,,,,15579.0,0.17478804601050718
M. Info Tech,Flinders University,AUST,Flinders (3y),0.039935188247999,2,27600.0,290.0,27890.0,55780.0,27890.0,21387.0,0.039935188247999
M. Info Tech,Griffith University,AUST,Griffith (3y),0.045108138355787766,1.5,24853.6,290.0,25143.6,37715.399999999994,18857.699999999997,15670.293834920638,0.045108138355787766
M. Info Tech,James Cook University,AUST,JCU (3y),0.04,1.5,26000.0,290.0,26290.0,39435.0,19717.5,21050.0,0.04
M. Info Tech,La Trobe University,AUST,LaTrobe (3y),0.07,2,29260.0,0.0,29260.0,58520.0,29260.0,19833.579187777774,0.07
M. Info Tech,Macquarie University,AUST,Macquarie (3y),0.04719152102690845,2,35616.0,0.0,35616.0,71232.0,35616.0,29905.72131666667,0.04719152102690845
M. Info Tech,Monash University,AUST,Monash (3y),0.06,2,36000.0,0.0,36000.0,72000.0,36000.0,20906.563755,0.06
M. Info Tech,Murdoch University,AUST,Murdoch (3y),0.07224077146886601,2,26520.0,290.0,26810.0,53620.0,26810.0,20506.015945721923,0.07224077146886601
M. Info Tech,Queensland University of Technology,AUST,QUT (3y),0.04449129948846759,1.5,26400.0,0.0,26400.0,39600.0,19800.0,20687.632534848486,0.04449129948846759
M. Info Tech,RMIT University,AUST,RMIT (3y),0.075,2,30720.0,290.0,31010.0,62020.0,31010.0,19201.552644848485,0.075
M. Info Tech,Southern Cross University,AUST,SCU (3y),,-,,,,,,16222.0,0.057185903070188664
M. Info Tech,Swinburne University,AUST,Swinburne (3y),0.03778922551014916,1.5,20767.0,0.0,20767.0,31150.5,15575.25,22824.136326666667,0.03778922551014916
M. Info Tech,University of Adelaide,AUST,Adelaide (-y),,-,,,,,,25444.0,0.05
M. Info Tech,University of Canberra,AUST,Canberra (3y),0.0,2,24870.0,290.0,25160.0,50320.0,25160.0,20601.0,0.0
M. Info Tech,University of Melbourne,AUST,Melbourne (3y),0.044192915905970936,2,37376.0,0.0,37376.0,74752.0,37376.0,33257.0,0.044192915905970936
M. Info Tech,University of New England,AUST,UNE (3y),0.03692208807148916,2,20200.0,290.0,20490.0,40980.0,20490.0,15493.894751666665,0.03692208807148916
M. Info Tech,University of New South Wales,AUST,UNSW (-y),0.0,2,38880.0,0.0,38880.0,77760.0,38880.0,27245.50515,0.0
M. Info Tech,University of Newcastle,AUST,UoN (3y),0.0708898574517105,1,33045.0,290.0,33335.0,33335.0,16667.5,20417.25205692964,0.0708898574517105
M. Info Tech,University of Notre Dame Australia,AUST,UND (-y),,-,,,,,,22389.118590000002,0.08626010341471267
M. Info Tech,University of Queensland,AUST,UQ (3y),0.04,1.5,33280.0,290.0,33570.0,50355.0,25177.5,25701.082916871364,0.04
M. Info Tech,University of South Australia,AUST,UniSA (3y),0.056379594799323564,2,28250.0,290.0,28540.0,57080.0,28540.0,21516.706579999995,0.056379594799323564
M. Info Tech,University of Southern Queensland,AUST,USQ (3y),,-,,,,,,19504.335161948053,0.04235480204234699
M. Info Tech,University of Sydney,AUST,Sydney (-y),0.04635691942991554,1.5,36500.0,286.0,36786.0,55179.0,27589.5,27790.11099047619,0.04635691942991554
M. Info Tech,University of Tasmania,AUST,Tasmania (3y),0.09915794544266436,2,27500.0,0.0,27500.0,55000.0,27500.0,19932.776077777777,0.09915794544266436
M. Info Tech,"University of Technology, Sydney",AUST,UTS (3y),0.06,2,31344.0,286.0,31630.0,63260.0,31630.0,24594.471489473683,0.06
M. Info Tech,University of Western Australia,AUST,UWA (-y),0.0502504605362023,2,35000.0,286.0,35286.0,70572.0,35286.0,24870.00910373016,0.0502504605362023
M. Info Tech,University of Western Sydney,AUST,UWS (3y),0.044509661391136025,1.5,27880.0,290.0,28170.0,42255.0,21127.5,21466.101384027777,0.044509661391136025
M. Info Tech,University of Wollongong,AUST,Wollongong (3y),0.049520348442797214,2,27984.0,290.0,28274.0,56548.0,28274.0,19873.990475974024,0.049520348442797214
M. Info Tech,University of the Sunshine Coast,AUST,Sunshine (3y),,-,,,,,,17561.779276111112,0.04817542562557961
M. Info Tech,Victoria University,AUST,VicAus (3y),0.04072096439181601,2,23000.0,0.0,23000.0,46000.0,23000.0,22078.81696333334,0.04072096439181601
MBA,Australian Catholic University,AUST,ACU (3y),0.04054787574899714,2,25000.0,286.0,25286.0,50572.0,33714.666666666664,26698.70820444444,0.04054787574899714
MBA,Australian National University,AUST,ANU (3y),0.08638321551583646,2,39024.0,290.0,39314.0,78628.0,52418.666666666664,24059.0,0.08638321551583646
MBA,Bond University,AUST,Bond (2y),0.029856210847289198,1.33,43056.3909774436,190.0,43246.3909774436,57517.7,38345.13333333333,29523.44314285714,0.029856210847289198
MBA,CQUniversity,AUST,CQU (3y),0.0,2,24480.0,290.0,24770.0,49540.0,33026.666666666664,16430.139890476188,0.0
MBA,Charles Darwin University,AUST,CDU (-y),0.0609440002831495,2,23448.0,220.0,23668.0,47336.0,31557.333333333332,18836.60045909091,0.0609440002831495
MBA,Charles Sturt University,AUST,CSU (3y),0.05538026223178262,1.5,24800.0,288.0,25088.0,37632.0,25088.0,16770.274796031747,0.05538026223178262
MBA,Curtin University,AUST,Curtin (3y),0.04226948753483391,1.5,40300.0,0.0,40300.0,60450.0,40300.0,19341.419526284582,0.04226948753483391
MBA,Deakin University,AUST,Deakin (-y),0.07894594660569298,1.5,36000.0,0.0,36000.0,54000.0,36000.0,20184.03035909091,0.07894594660569298
MBA,Edith Cowan University,AUST,ECU (3y),0.051824866139983106,1.5,21600.0,0.0,21600.0,32400.0,21600.0,21019.311245454544,0.051824866139983106
MBA,Federation University Australia,AUST,Federation (3y),0.17478804601050718,2,26800.0,286.0,27086.0,54172.0,36114.666666666664,15579.0,0.17478804601050718
MBA,Flinders University,AUST,Flinders (3y),0.039935188247999,1.5,27800.0,290.0,28090.0,42135.0,28090.0,21387.0,0.039935188247999
MBA,Griffith University,AUST,Griffith (3y),0.045108138355787766,1.5,34572.0,290.0,34862.0,52293.0,34862.0,15670.293834920638,0.045108138355787766
MBA,James Cook University,AUST,JCU (3y),0.04,2,24000.0,290.0,24290.0,48580.0,32386.666666666668,21050.0,0.04
MBA,La Trobe University,AUST,LaTrobe (3y),0.07,1.5,33510.0,0.0,33510.0,50265.0,33510.0,19833.579187777774,0.07
MBA,Macquarie University,AUST,Macquarie (3y),0.04719152102690845,2,38000.0,0.0,38000.0,76000.0,50666.666666666664,29905.72131666667,0.04719152102690845
MBA,Monash University,AUST,Monash (3y),0.06,2,32700.0,0.0,32700.0,65400.0,43600.0,20906.563755,0.06
MBA,Murdoch University,AUST,Murdoch (3y),0.07224077146886601,3,30960.0,290.0,31250.0,93750.0,62500.0,20506.015945721923,0.07224077146886601
MBA,Queensland University of Technology,AUST,QUT (3y),0.04449129948846759,1.5,42200.0,0.0,42200.0,63300.0,42200.0,20687.632534848486,0.04449129948846759
MBA,RMIT University,AUST,RMIT (3y),0.075,2,36480.0,290.0,36770.0,73540.0,49026.666666666664,19201.552644848485,0.075
MBA,Southern Cross University,AUST,SCU (3y),0.057185903070188664,2,22480.0,290.0,22770.0,45540.0,30360.0,16222.0,0.057185903070188664
MBA,Swinburne University,AUST,Swinburne (3y),0.03778922551014916,1.5,26130.0,0.0,26130.0,39195.0,26130.0,22824.136326666667,0.03778922551014916
MBA,University of Adelaide,AUST,Adelaide (-y),0.05,1.5,38500.0,290.0,38790.0,58185.0,38790.0,25444.0,0.05
MBA,University of Canberra,AUST,Canberra (3y),0.0,1.5,,,,,,20601.0,0.0
MBA,University of Melbourne,AUST,Melbourne (3y),0.044192915905970936,1,38656.0,0.0,38656.0,38656.0,25770.666666666668,33257.0,0.044192915905970936
MBA,University of New England,AUST,UNE (3y),0.03692208807148916,-,,,,,,15493.894751666665,0.03692208807148916
MBA,University of New South Wales,AUST,UNSW (-y),0.0,1.5,38880.0,0.0,38880.0,58320.0,38880.0,27245.50515,0.0
MBA,University of Newcastle,AUST,UoN (3y),0.0708898574517105,2,31280.0,290.0,31570.0,63140.0,42093.333333333336,20417.25205692964,0.0708898574517105
MBA,University of Notre Dame Australia,AUST,UND (-y),0.08626010341471267,-,,,,,,22389.118590000002,0.08626010341471267
MBA,University of Queensland,AUST,UQ (3y),0.04,1,66144.0,290.0,66434.0,66434.0,44289.333333333336,25701.082916871364,0.04
MBA,University of South Australia,AUST,UniSA (3y),0.056379594799323564,1.5,33000.0,290.0,33290.0,49935.0,33290.0,21516.706579999995,0.056379594799323564
MBA,University of Southern Queensland,AUST,USQ (3y),0.04235480204234699,1.5,22160.0,290.0,22450.0,33675.0,22450.0,19504.335161948053,0.04235480204234699
MBA,University of Sydney,AUST,Sydney (-y),0.04635691942991554,-,,,,,,27790.11099047619,0.04635691942991554
MBA,University of Tasmania,AUST,Tasmania (3y),0.09915794544266436,1.5,32500.0,0.0,32500.0,48750.0,32500.0,19932.776077777777,0.09915794544266436
MBA,"University of Technology, Sydney",AUST,UTS (3y),0.06,2,30672.0,286.0,30958.0,61916.0,41277.333333333336,24594.471489473683,0.06
MBA,University of Western Australia,AUST,UWA (-y),0.0502504605362023,1.5,68500.0,286.0,68786.0,103179.0,68786.0,24870.00910373016,0.0502504605362023
MBA,University of Western Sydney,AUST,UWS (3y),0.044509661391136025,2,26600.0,290.0,26890.0,53780.0,35853.333333333336,21466.101384027777,0.044509661391136025
MBA,University of Wollongong,AUST,Wollongong (3y),0.049520348442797214,1,38016.0,290.0,38306.0,38306.0,25537.333333333332,19873.990475974024,0.049520348442797214
MBA,University of the Sunshine Coast,AUST,Sunshine (3y),0.04817542562557961,1.5,22800.0,0.0,22800.0,34200.0,22800.0,17561.779276111112,0.04817542562557961
MBA,Victoria University,AUST,VicAus (3y),0.04072096439181601,1.5,25400.0,0.0,25400.0,38100.0,25400.0,22078.81696333334,0.04072096439181601
N. Nursing,Australian Catholic University,AUST,ACU (3y),0.04054787574899714,-,,303.0,,,,26698.70820444444,0.04054787574899714
N. Nursing,Australian National University,AUST,ANU (3y),0.08638321551583646,-,,,,,,24059.0,0.08638321551583646
N. Nursing,Bond University,AUST,Bond (2y),0.029856210847289198,3,22680.0,,,,,29523.44314285714,0.029856210847289198
N. Nursing,CQUniversity,AUST,CQU (3y),0.0,3.5,32900.0,308.0,33208.0,116228.0,38742.666666666664,16430.139890476188,0.0
N. Nursing,Charles Darwin University,AUST,CDU (-y),0.0609440002831495,3,25600.0,233.0,25833.0,77499.0,25833.0,18836.60045909091,0.0609440002831495
N. Nursing,Charles Sturt University,AUST,CSU (3y),0.05538026223178262,3,25140.0,306.0,25446.0,76338.0,25446.0,16770.274796031747,0.05538026223178262
N. Nursing,Curtin University,AUST,Curtin (3y),0.04226948753483391,3,30800.0,0.0,30800.0,92400.0,30800.0,19341.419526284582,0.04226948753483391
N. Nursing,Deakin University,AUST,Deakin (-y),0.07894594660569298,3,26550.0,0.0,26550.0,79650.0,26550.0,20184.03035909091,0.07894594660569298
N. Nursing,Edith Cowan University,AUST,ECU (3y),0.051824866139983106,3,28400.0,0.0,28400.0,85200.0,28400.0,21019.311245454544,0.051824866139983106
N. Nursing,Federation University Australia,AUST,Federation (3y),0.17478804601050718,3,25000.0,303.0,25303.0,75909.0,25303.0,15579.0,0.17478804601050718
N. Nursing,Flinders University,AUST,Flinders (3y),0.039935188247999,3,26574.0,308.0,26882.0,80646.0,26882.0,21387.0,0.039935188247999
N. Nursing,Griffith University,AUST,Griffith (3y),0.045108138355787766,3,26000.0,308.0,26308.0,78924.0,26308.0,15670.293834920638,0.045108138355787766
N. Nursing,James Cook University,AUST,JCU (3y),0.04,3,29070.0,308.0,29378.0,88134.0,29378.0,21050.0,0.04
N. Nursing,La Trobe University,AUST,LaTrobe (3y),0.07,-,,400.0,,,,19833.579187777774,0.07
N. Nursing,Macquarie University,AUST,Macquarie (3y),0.04719152102690845,3,29100.0,,,,,29905.72131666667,0.04719152102690845
N. Nursing,Monash University,AUST,Monash (3y),0.06,3,29040.0,0.0,29040.0,87120.0,29040.0,20906.563755,0.06
N. Nursing,Murdoch University,AUST,Murdoch (3y),0.07224077146886601,3,27200.0,308.0,27508.0,82524.0,27508.0,20506.015945721923,0.07224077146886601
N. Nursing,Queensland University of Technology,AUST,QUT (3y),0.04449129948846759,3,28800.0,0.0,28800.0,86400.0,28800.0,20687.632534848486,0.04449129948846759
N. Nursing,RMIT University,AUST,RMIT (3y),0.075,3,22880.0,308.0,23188.0,69564.0,23188.0,19201.552644848485,0.075
N. Nursing,Southern Cross University,AUST,SCU (3y),0.057185903070188664,-,,308.0,,,,16222.0,0.057185903070188664
N. Nursing,Swinburne University,AUST,Swinburne (3y),0.03778922551014916,3,33500.0,,,,,22824.136326666667,0.03778922551014916
N. Nursing,University of Adelaide,AUST,Adelaide (-y),0.05,3,26600.0,308.0,26908.0,80724.0,26908.0,25444.0,0.05
N. Nursing,University of Canberra,AUST,Canberra (3y),0.0,-,,308.0,,,,20601.0,0.0
N. Nursing,University of Melbourne,AUST,Melbourne (3y),0.044192915905970936,3,20840.0,,,,,33257.0,0.044192915905970936
N. Nursing,University of New England,AUST,UNE (3y),0.03692208807148916,-,,308.0,,,,15493.894751666665,0.03692208807148916
N. Nursing,University of New South Wales,AUST,UNSW (-y),0.0,3,27585.0,,,,,27245.50515,0.0
N. Nursing,University of Newcastle,AUST,UoN (3y),0.0708898574517105,3,29304.0,308.0,29612.0,88836.0,29612.0,20417.25205692964,0.0708898574517105
N. Nursing,University of Notre Dame Australia,AUST,UND (-y),0.08626010341471267,3,28454.0,265.0,28719.0,86157.0,28719.0,22389.118590000002,0.08626010341471267
N. Nursing,University of Queensland,AUST,UQ (3y),0.04,3,27000.0,308.0,27308.0,81924.0,27308.0,25701.082916871364,0.04
N. Nursing,University of South Australia,AUST,UniSA (3y),0.056379594799323564,3,22720.0,308.0,23028.0,69084.0,23028.0,21516.706579999995,0.056379594799323564
N. Nursing,University of Southern Queensland,AUST,USQ (3y),0.04235480204234699,3,32000.0,308.0,32308.0,96924.0,32308.0,19504.335161948053,0.04235480204234699
N. Nursing,University of Sydney,AUST,Sydney (-y),0.04635691942991554,3,26500.0,303.0,26803.0,80409.0,26803.0,27790.11099047619,0.04635691942991554
N. Nursing,University of Tasmania,AUST,Tasmania (3y),0.09915794544266436,3,28320.0,0.0,28320.0,84960.0,28320.0,19932.776077777777,0.09915794544266436
N. Nursing,"University of Technology, Sydney",AUST,UTS (3y),0.06,3,22200.0,303.0,22503.0,67509.0,22503.0,24594.471489473683,0.06
N. Nursing,University of Western Australia,AUST,UWA (-y),0.0502504605362023,3,25480.0,,,,,24870.00910373016,0.0502504605362023
N. Nursing,University of Western Sydney,AUST,UWS (3y),0.044509661391136025,3,26496.0,308.0,26804.0,80412.0,26804.0,21466.101384027777,0.044509661391136025
N. Nursing,University of Wollongong,AUST,Wollongong (3y),0.049520348442797214,3,21600.0,308.0,21908.0,65724.0,21908.0,19873.990475974024,0.049520348442797214
N. Nursing,University of the Sunshine Coast,AUST,Sunshine (3y),0.04817542562557961,-,,0.0,,,,17561.779276111112,0.04817542562557961
N. Nursing,Victoria University,AUST,VicAus (3y),0.04072096439181601,,,308.0,308.0,0.0,0.0,22078.81696333334,0.04072096439181601
